avg_assists_per_game,avg_clean_sheet,avg_goals_against,avg_goals_scored,avg_own_goals,avg_red_cards_,avg_saves,avg_successful_tackles,avg_yellow_cards,current_value,gameweek_1_points,gameweek_2_points,gameweek_3_points,matches_played,player_id,total_assists_per_game,total_clean_sheet,total_goals_against,total_goals_scored,total_own_goals,total_red_cards_,total_saves,total_successful_tackles,total_yellow_cards
0.7,,,0.0,0.0,0.0,,1.0,0.0,12.3,8.00,0.00,7.00,3,62,2,,,0,0,0,,3,0
0.0,0.0,1.0,0.7,0.0,0.0,,0.3,0.3,11.6,14.00,14.00,-1.00,3,241,0,0,3,2,0,0,,1,1
0.0,1.0,,0.3,0.0,0.0,,0.0,0.0,10.9,13.00,1.00,1.00,3,552,0,3,,1,0,0,,0,0
0.0,1.0,0.0,0.0,0.0,0.0,,2.5,0.0,10.7,7.00,6.00,0.00,2,479,0,2,0,0,0,0,,5,0
0.0,1.0,,0.0,0.0,0.0,,0.7,0.3,10.1,0.00,1.00,3.00,3,824,0,3,,0,0,0,,2,1
0.3,0.0,,0.0,0.0,0.0,,2.3,0.3,10.1,1.00,4.00,7.00,3,514,1,0,,0,0,0,,7,1
0.0,1.0,,0.5,0.0,0.0,,0.0,0.5,9.9,1.00,12.00,0.00,2,50,0,2,,1,0,0,,0,1
0.3,,,1.0,0.0,0.0,,1.0,0.0,9.4,0.00,16.00,23.00,3,949,1,,,3,0,0,,3,0
0.5,1.0,0.0,0.0,0.0,0.0,,0.0,0.0,9.2,4.00,10.00,0.00,2,947,1,2,0,0,0,0,,0,0
0.0,,,0.0,0.0,0.0,,0.0,0.5,9.2,0.00,-1.00,0.00,2,579,0,,,0,0,0,,0,1
-,-,,-,-,-,,-,-,8.8,0.00,0.00,,0,808,0,0,,0,0,0,,0,0
0.0,0.0,,0.0,0.0,0.0,,0.7,0.0,8.8,0.00,1.00,1.00,3,706,0,0,,0,0,0,,2,0
-,,,-,-,-,,-,-,8.7,0.00,0.00,0.00,0,782,0,,,0,0,0,,0,0
0.0,,,0.0,0.0,0.0,,0.0,0.0,8.7,0.00,0.00,,2,435,0,,,0,0,0,,0,0
0.0,,,0.3,0.0,0.0,,0.7,0.0,8.7,2.00,10.00,0.00,3,398,0,,,1,0,0,,2,0
0.0,1.0,,0.0,0.0,0.0,,0.3,0.3,8.7,1.00,1.00,1.00,3,51,0,3,,0,0,0,,1,1
0.0,,,0.0,0.0,0.0,,0.0,0.5,8.6,-1.00,0.00,0.00,2,711,0,,,0,0,0,,0,1
0.0,,,0.0,0.0,0.0,,0.0,1.0,8.6,0.00,0.00,-1.00,1,505,0,,,0,0,0,,0,1
0.5,0.0,,0.0,0.0,0.0,,0.0,0.0,8.4,0.00,6.00,,2,431,1,0,,0,0,0,,0,0
-,,,-,-,-,,-,-,7.7,0.00,0.00,0.00,0,60,0,,,0,0,0,,0,0
0.0,0.0,,0.0,0.0,0.0,,0.0,0.3,7.6,-1.00,0.00,0.00,3,550,0,0,,0,0,0,,0,1
0.0,,,0.0,0.0,0.0,,0.5,0.5,7.2,,0.00,0.00,2,1025,0,,,0,0,0,,1,1
0.0,0.3,,0.3,0.0,0.0,,1.0,0.0,7.2,1.00,2.00,13.00,3,815,0,1,,1,0,0,,3,0
0.0,,,0.0,0.0,0.0,,0.0,0.0,6.9,0.00,0.00,,1,989,0,,,0,0,0,,0,0
0.0,0.3,1.7,1.0,0.0,0.0,,0.7,0.3,6.9,20.00,27.00,-2.00,3,566,0,1,5,3,0,0,,2,1
0.0,,,1.5,0.0,0.0,,1.5,0.0,6.8,11.00,22.00,,2,1003,0,,,3,0,0,,3,0
0.0,1.0,0.0,0.0,0.0,0.0,,1.0,0.0,6.8,4.00,6.00,0.00,2,35,0,2,0,0,0,0,,2,0
0.0,1.0,0.0,0.0,0.0,0.0,,0.7,0.3,6.8,6.00,3.00,4.00,3,4,0,3,0,0,0,0,,2,1
0.0,0.0,,0.0,0.0,0.0,,1.0,0.0,6.7,0.00,0.00,1.00,1,980,0,0,,0,0,0,,1,0
0.0,,,1.0,0.0,0.0,,1.0,0.0,6.7,20.00,2.00,,2,810,0,,,2,0,0,,2,0
0.0,0.5,,0.0,0.0,0.0,,0.5,0.0,6.4,0.00,2.00,0.00,2,742,0,1,,0,0,0,,1,0
0.0,,,0.0,0.0,0.0,,0.0,0.0,6.2,0.00,0.00,0.00,1,1019,0,,,0,0,0,,0,0
0.0,1.0,0.0,0.0,0.0,0.0,,0.5,0.0,6.2,5.00,4.00,0.00,2,823,0,2,0,0,0,0,,1,0
0.0,1.0,,0.0,0.0,0.0,,0.0,0.0,6.2,0.00,0.00,1.00,1,654,0,1,,0,0,0,,0,0
0.0,,,0.0,0.0,0.0,,0.0,0.0,6.2,0.00,0.00,0.00,3,619,0,,,0,0,0,,0,0
0.0,0.0,,0.0,0.5,0.0,,1.5,0.0,6.2,0.00,1.00,,2,486,0,0,,0,1,0,,3,0
0.5,0.0,,0.0,0.0,0.0,,1.0,0.0,6.1,0.00,8.00,,2,722,1,0,,0,0,0,,2,0
0.0,0.3,,0.3,0.0,0.0,,1.3,0.3,6.1,13.00,1.00,2.00,3,358,0,1,,1,0,0,,4,1
0.0,0.3,,0.3,0.0,0.0,,0.3,0.3,6.1,0.00,2.00,11.00,3,222,0,1,,1,0,0,,1,1
0.0,1.0,0.0,0.0,0.0,0.0,,0.5,0.0,6.1,0.00,4.00,5.00,2,39,0,2,0,0,0,0,,1,0
0.3,0.0,,0.0,0.0,0.0,,1.3,0.0,6,8.00,0.00,2.00,3,971,1,0,,0,0,0,,4,0
0.0,0.3,,0.0,0.0,0.0,,0.7,0.3,6,0.00,2.00,0.00,3,340,0,1,,0,0,0,,2,1
0.0,0.0,1.0,0.0,0.0,0.0,,2.0,0.3,6,0.00,2.00,0.00,3,240,0,0,3,0,0,0,,6,1
0.3,0.3,,0.0,0.0,0.0,,0.0,0.0,6,1.00,0.00,6.00,3,221,1,1,,0,0,0,,0,0
0.0,,,0.0,0.0,0.0,,0.0,0.0,5.9,0.00,0.00,0.00,3,1000,0,,,0,0,0,,0,0
0.0,0.0,,0.0,0.0,0.0,,0.0,0.0,5.9,0.00,0.00,,2,432,0,0,,0,0,0,,0,0
0.0,,,0.5,0.0,0.0,,0.0,0.0,5.9,0.00,10.00,,2,150,0,,,1,0,0,,0,0
0.0,1.0,,0.0,0.0,0.0,,0.3,0.0,5.9,1.00,2.00,1.00,3,53,0,3,,0,0,0,,1,0
-,-,-,-,-,-,,-,-,5.8,,0.00,0.00,0,1022,0,0,0,0,0,0,,0,0
1.0,0.0,,0.0,0.0,0.0,,2.5,0.5,5.8,10.00,6.00,,2,905,2,0,,0,0,0,,5,1
0.0,,,0.0,0.0,0.0,,0.5,0.0,5.8,0.00,1.00,,2,812,0,,,0,0,0,,1,0
0.0,,,0.0,0.0,0.0,,0.0,0.0,5.8,0.00,0.00,0.00,3,532,0,,,0,0,0,,0,0
0.3,,,0.0,0.0,0.0,,0.7,0.0,5.8,2.00,0.00,6.00,3,493,1,,,0,0,0,,2,0
0.0,,,0.0,0.0,0.0,,0.0,0.3,5.8,-1.00,0.00,0.00,3,198,0,,,0,0,0,,0,1
0.0,,,0.7,0.0,0.0,,0.7,0.3,5.7,1.00,0.00,20.00,3,961,0,,,2,0,0,,2,1
0.0,,,0.0,0.0,0.0,,0.5,0.5,5.7,0.00,0.00,,2,902,0,,,0,0,0,,1,1
0.0,,,0.0,0.0,0.0,,0.0,0.0,5.7,0.00,0.00,0.00,2,609,0,,,0,0,0,,0,0
-,-,,-,-,-,,-,-,5.7,0.00,0.00,0.00,0,557,0,0,,0,0,0,,0,0
0.0,,,0.3,0.0,0.0,,0.3,0.0,5.7,0.00,0.00,11.00,3,346,0,,,1,0,0,,1,0
0.0,0.0,1.5,0.5,0.0,0.0,,0.0,0.0,5.7,-1.00,13.00,,2,135,0,0,3,1,0,0,,0,0
0.3,,,0.0,0.0,0.0,,0.7,0.3,5.6,1.00,5.00,1.00,3,962,1,,,0,0,0,,2,1
0.0,0.0,2.0,0.0,0.0,0.0,,0.5,0.5,5.6,-1.00,-3.00,,2,180,0,0,4,0,0,0,,1,1
-,,,-,-,-,,-,-,5.5,,,,0,1035,0,,,0,0,0,,0,0
0.0,0.0,1.0,0.0,0.0,0.5,,0.0,0.0,5.5,-1.00,-3.00,0.00,2,999,0,0,2,0,0,1,,0,0
0.0,0.0,1.0,0.0,0.0,0.0,,1.3,0.7,5.5,2.00,-1.00,-2.00,3,944,0,0,3,0,0,0,,4,2
0.0,1.0,0.0,0.0,0.0,0.0,2.0,0.0,0.0,5.5,6.00,6.00,6.00,3,757,0,3,0,0,0,0,6,0,0
0.0,0.3,,0.0,0.0,0.0,,1.0,0.3,5.5,1.00,0.00,2.00,3,710,0,1,,0,0,0,,3,1
0.0,0.0,1.0,0.0,0.0,0.0,,1.0,0.0,5.4,,,0.00,1,1034,0,0,1,0,0,0,,1,0
0.3,0.0,,0.3,0.0,0.0,,0.7,0.0,5.4,6.00,14.00,0.00,3,913,1,0,,1,0,0,,2,0
0.0,0.0,,0.0,0.0,0.0,,0.0,0.0,5.4,0.00,0.00,,2,265,0,0,,0,0,0,,0,0
0.0,0.0,2.0,0.0,0.0,0.0,,0.0,0.0,5.3,,-2.00,,1,1024,0,0,2,0,0,0,,0,0
0.0,1.0,0.0,0.0,0.0,0.0,,1.0,0.0,5.3,5.00,0.00,0.00,1,959,0,1,0,0,0,0,,1,0
0.0,0.0,,0.0,0.0,0.0,,0.0,0.0,5.3,0.00,0.00,0.00,1,829,0,0,,0,0,0,,0,0
-,-,,-,-,-,,-,-,5.3,0.00,0.00,,0,768,0,0,,0,0,0,,0,0
0.0,0.0,,0.0,0.0,0.0,,0.0,0.0,5.3,0.00,0.00,0.00,1,719,0,0,,0,0,0,,0,0
0.0,0.3,1.7,0.0,0.0,0.0,,1.3,0.3,5.3,3.00,1.00,-2.00,3,613,0,1,5,0,0,0,,4,1
-,-,-,-,-,-,,-,-,5.3,0.00,0.00,,0,341,0,0,0,0,0,0,,0,0
0.0,0.0,,0.0,0.0,0.0,,0.0,0.0,5.3,0.00,0.00,0.00,1,115,0,0,,0,0,0,,0,0
0.0,0.0,,0.0,0.0,0.0,,0.0,0.0,5.3,0.00,0.00,0.00,1,18,0,0,,0,0,0,,0,0
0.5,,,0.5,0.0,0.0,,0.5,0.5,5.2,11.00,5.00,0.00,2,915,1,,,1,0,0,,1,1
-,,,-,-,-,,-,-,5.2,0.00,0.00,0.00,0,849,0,,,0,0,0,,0,0
0.0,0.3,,0.0,0.0,0.0,,0.0,0.3,5.2,-1.00,1.00,0.00,3,781,0,1,,0,0,0,,0,1
-,,,-,-,-,,-,-,5.2,0.00,0.00,0.00,0,630,0,,,0,0,0,,0,0
-,-,-,-,-,-,,-,-,5.2,0.00,0.00,0.00,0,577,0,0,0,0,0,0,,0,0
0.0,0.0,,0.0,0.0,0.0,,0.5,0.0,5.2,1.00,0.00,,2,434,0,0,,0,0,0,,1,0
-,-,,-,-,-,,-,-,5.2,0.00,0.00,0.00,0,379,0,0,,0,0,0,,0,0
0.0,0.0,,0.0,0.0,0.0,,0.5,0.5,5.2,1.00,-1.00,0.00,2,311,0,0,,0,0,0,,1,1
0.0,0.0,,0.0,0.0,0.0,,1.0,0.0,5.2,0.00,0.00,1.00,1,111,0,0,,0,0,0,,1,0
-,,,-,-,-,,-,-,5.2,0.00,0.00,0.00,0,21,0,,,0,0,0,,0,0
0.0,0.0,,0.0,0.0,0.0,,0.0,0.5,5.1,-1.00,0.00,,2,973,0,0,,0,0,0,,0,1
0.0,0.3,,0.3,0.0,0.0,,1.3,0.7,5.1,12.00,0.00,3.00,3,554,0,1,,1,0,0,,4,2
0.0,0.0,,0.7,0.0,0.0,,0.7,0.0,5.1,12.00,13.00,1.00,3,190,0,0,,2,0,0,,2,0
0.0,0.0,2.5,0.0,0.0,0.0,,0.5,1.0,5,-2.00,-4.00,,2,764,0,0,5,0,0,0,,1,2
0.0,0.0,,0.0,0.0,0.0,,1.0,0.0,5,2.00,0.00,,2,143,0,0,,0,0,0,,2,0
0.0,,,0.0,0.0,0.0,,0.0,1.0,4.9,,,-1.00,1,1036,0,,,0,0,0,,0,1
1.0,0.3,,0.0,0.0,0.0,,0.7,0.0,4.9,7.00,2.00,12.00,3,997,3,1,,0,0,0,,2,0
0.0,0.3,1.3,0.7,0.0,0.0,,1.0,0.0,4.9,15.00,4.00,14.00,3,995,0,1,4,2,0,0,,3,0
0.5,0.0,,0.0,0.0,0.0,,1.0,0.0,4.9,2.00,6.00,,2,936,1,0,,0,0,0,,2,0
0.0,,,0.0,0.0,0.0,,0.0,0.0,4.9,0.00,0.00,,2,537,0,,,0,0,0,,0,0
0.3,0.3,,0.3,0.0,0.0,,1.7,0.0,4.9,10.00,13.00,1.00,3,171,1,1,,1,0,0,,5,0
0.0,,,0.5,0.0,0.0,,0.0,0.0,4.9,0.00,0.00,10.00,2,61,0,,,1,0,0,,0,0
0.0,,,0.3,0.0,0.0,,0.0,0.3,4.8,0.00,9.00,0.00,3,1016,0,,,1,0,0,,0,1
0.0,,,0.3,0.0,0.0,,0.3,0.0,4.8,10.00,1.00,0.00,3,992,0,,,1,0,0,,1,0
0.0,1.0,0.0,0.0,0.0,0.0,,1.0,0.0,4.8,0.00,0.00,5.00,1,974,0,1,0,0,0,0,,1,0
0.0,,,0.0,0.0,0.0,,0.5,0.0,4.8,0.00,1.00,,2,946,0,,,0,0,0,,1,0
0.0,,,0.0,0.0,0.0,,0.5,0.0,4.8,1.00,0.00,,2,939,0,,,0,0,0,,1,0
0.0,0.0,,0.5,0.0,0.0,,0.5,0.0,4.8,13.00,0.00,,2,935,0,0,,1,0,0,,1,0
-,-,,-,-,-,,-,-,4.8,0.00,0.00,,0,809,0,0,,0,0,0,,0,0
-,-,-,-,-,-,,-,-,4.8,0.00,0.00,,0,733,0,0,0,0,0,0,,0,0
0.0,0.3,1.0,0.3,0.0,0.0,,2.0,0.0,4.8,3.00,15.00,4.00,3,689,0,1,3,1,0,0,,6,0
0.0,,,0.0,0.0,0.0,,1.0,0.0,4.8,0.00,1.00,0.00,1,592,0,,,0,0,0,,1,0
0.0,0.5,,0.0,0.0,0.0,,1.0,0.0,4.8,0.00,1.00,2.00,2,349,0,1,,0,0,0,,2,0
-,-,,-,-,-,,-,-,4.8,0.00,0.00,,0,139,0,0,,0,0,0,,0,0
-,-,-,-,-,-,,-,-,4.8,0.00,0.00,,0,72,0,0,0,0,0,0,,0,0
-,,,-,-,-,,-,-,4.7,0.00,0.00,0.00,0,1013,0,,,0,0,0,,0,0
0.0,,,0.0,0.0,0.0,,0.0,0.0,4.7,0.00,0.00,0.00,1,1011,0,,,0,0,0,,0,0
0.0,,,1.0,0.0,0.0,,0.0,0.0,4.7,10.00,0.00,,1,1009,0,,,1,0,0,,0,0
0.0,,,0.0,0.0,0.0,,0.0,0.0,4.7,0.00,0.00,0.00,2,1006,0,,,0,0,0,,0,0
0.0,,,0.0,0.0,0.0,,0.5,0.5,4.7,-1.00,1.00,,2,956,0,,,0,0,0,,1,1
0.3,0.3,1.7,0.3,0.0,0.0,,3.0,0.7,4.7,7.00,6.00,14.00,3,889,1,1,5,1,0,0,,9,2
0.0,0.0,2.0,0.0,0.0,0.0,,1.0,0.0,4.7,-1.00,0.00,,1,886,0,0,2,0,0,0,,1,0
-,-,-,-,-,-,,-,-,4.7,0.00,0.00,0.00,0,850,0,0,0,0,0,0,,0,0
0.0,0.0,1.5,0.0,0.0,0.0,,0.5,0.0,4.7,0.00,-2.00,,2,830,0,0,3,0,0,0,,1,0
0.0,,,0.0,0.0,0.0,,0.0,0.0,4.7,0.00,0.00,0.00,3,797,0,,,0,0,0,,0,0
-,-,,-,-,-,,-,-,4.7,0.00,0.00,0.00,0,604,0,0,,0,0,0,,0,0
0.0,0.0,,0.0,0.0,0.0,,1.0,0.5,4.7,0.00,1.00,,2,551,0,0,,0,0,0,,2,1
0.0,0.3,,0.0,0.0,0.0,,0.3,0.0,4.7,1.00,1.00,0.00,3,375,0,1,,0,0,0,,1,0
0.0,0.0,1.5,0.0,0.0,0.0,,0.0,0.0,4.7,-1.00,-2.00,,2,140,0,0,3,0,0,0,,0,0
0.0,0.3,,0.0,0.0,0.0,,3.0,0.3,4.7,4.00,3.00,2.00,3,114,0,1,,0,0,0,,9,1
-,-,,-,-,-,,-,-,4.7,0.00,0.00,0.00,0,25,0,0,,0,0,0,,0,0
0.0,0.0,2.0,0.0,0.0,0.0,,2.5,0.0,4.6,0.00,1.00,,2,861,0,0,4,0,0,0,,5,0
0.0,0.3,0.7,0.0,0.0,0.0,,0.3,0.0,4.6,-1.00,5.00,-1.00,3,840,0,1,2,0,0,0,,1,0
0.0,0.0,,0.5,0.0,0.0,,0.5,0.0,4.6,0.00,0.00,13.00,2,778,0,0,,1,0,0,,1,0
0.0,0.0,2.0,0.0,0.0,0.0,2.0,0.0,0.0,4.6,0.00,0.00,,2,587,0,0,4,0,0,0,4,0,0
0.0,0.0,1.0,0.0,0.0,0.0,3.0,0.0,0.0,4.6,4.00,0.00,2.00,3,576,0,0,3,0,0,0,9,0,0
0.0,0.0,1.5,0.0,0.0,0.0,,0.0,0.0,4.6,-1.00,-2.00,,2,563,0,0,3,0,0,0,,0,0
0.0,,,0.0,0.0,0.0,,0.0,0.0,4.5,,,0.00,1,1033,0,,,0,0,0,,0,0
-,-,,-,-,-,,-,-,4.5,,0.00,,0,1027,0,0,,0,0,0,,0,0
-,-,,-,-,-,,-,-,4.5,0.00,0.00,,0,814,0,0,,0,0,0,,0,0
0.0,0.0,,0.0,0.0,0.0,,0.5,0.0,4.5,1.00,0.00,,2,15,0,0,,0,0,0,,1,0
-,-,,-,-,-,,-,-,4.4,0.00,,,0,1032,0,0,,0,0,0,,0,0
0.0,0.3,,0.0,0.0,0.0,,0.0,0.0,4.4,0.00,0.00,1.00,3,951,0,1,,0,0,0,,0,0
0.5,0.0,,0.0,0.0,0.0,,1.5,0.5,4.4,7.00,1.00,,2,933,1,0,,0,0,0,,3,1
0.0,0.0,,0.0,0.0,0.0,,0.0,0.0,4.4,0.00,0.00,,2,83,0,0,,0,0,0,,0,0
-,-,,-,-,-,,-,-,4.3,,,,0,1029,0,0,,0,0,0,,0,0
0.0,,,0.0,0.0,0.0,,2.0,0.0,4.3,0.00,0.00,2.00,1,1026,0,,,0,0,0,,2,0
0.0,,,0.0,0.0,0.0,,1.5,0.0,4.3,,1.00,2.00,2,1023,0,,,0,0,0,,3,0
0.0,1.0,,0.0,0.0,0.0,,0.0,0.0,4.3,1.00,0.00,0.00,1,1021,0,1,,0,0,0,,0,0
0.0,0.0,,0.0,0.0,0.0,,0.0,0.0,4.3,0.00,0.00,0.00,1,1018,0,0,,0,0,0,,0,0
0.0,,,0.0,0.0,0.0,,0.3,0.0,4.3,0.00,1.00,0.00,3,996,0,,,0,0,0,,1,0
0.0,,,0.0,0.0,0.0,,0.0,0.0,4.3,0.00,0.00,,1,986,0,,,0,0,0,,0,0
0.0,0.5,0.5,0.0,0.0,0.0,,0.5,0.0,4.3,0.00,4.00,0.00,2,970,0,1,1,0,0,0,,1,0
-,-,-,-,-,-,-,-,-,4.3,0.00,0.00,,0,963,0,0,0,0,0,0,0,0,0
0.5,0.0,2.5,0.0,0.0,0.0,,2.0,0.5,4.3,5.00,-1.00,,2,928,1,0,5,0,0,0,,4,1
0.0,,,0.0,0.0,0.0,,1.0,0.0,4.3,2.00,0.00,0.00,2,904,0,,,0,0,0,,2,0
0.0,0.0,,0.0,0.0,0.0,,0.0,1.0,4.3,-1.00,0.00,,1,880,0,0,,0,0,0,,0,1
-,-,-,-,-,-,,-,-,4.3,0.00,0.00,,0,854,0,0,0,0,0,0,,0,0
0.0,0.3,1.3,0.3,0.0,0.0,,2.0,0.3,4.3,0.00,15.00,5.00,3,789,0,1,4,1,0,0,,6,1
0.0,0.0,,0.0,0.0,0.0,,0.0,0.0,4.3,0.00,0.00,0.00,1,784,0,0,,0,0,0,,0,0
-,,,-,-,-,,-,-,4.3,0.00,0.00,,0,756,0,,,0,0,0,,0,0
-,-,-,-,-,-,,-,-,4.3,0.00,0.00,,0,728,0,0,0,0,0,0,,0,0
0.0,1.0,,0.0,0.0,0.0,,0.0,0.0,4.3,0.00,,1.00,1,286,0,1,,0,0,0,,0,0
0.0,0.0,,0.5,0.0,0.0,,0.0,0.0,4.3,12.00,0.00,,2,142,0,0,,1,0,0,,0,0
0.0,1.0,,0.0,0.0,0.0,,0.0,0.0,4.2,,,1.00,1,1037,0,1,,0,0,0,,0,0
-,,,-,-,-,,-,-,4.2,0.00,0.00,0.00,0,968,0,,,0,0,0,,0,0
-,,,-,-,-,,-,-,4.2,0.00,0.00,0.00,0,948,0,,,0,0,0,,0,0
0.0,,,0.5,0.0,0.0,,0.0,0.0,4.2,0.00,10.00,,2,940,0,,,1,0,0,,0,0
0.3,0.3,,0.0,0.0,0.0,,1.3,0.3,4.2,3.00,1.00,6.00,3,883,1,1,,0,0,0,,4,1
-,-,,-,-,-,,-,-,4.2,0.00,0.00,0.00,0,875,0,0,,0,0,0,,0,0
0.0,0.3,1.7,0.0,0.0,0.0,,0.3,0.0,4.2,4.00,-2.00,-2.00,3,874,0,1,5,0,0,0,,1,0
-,,,-,-,-,,-,-,4.2,0.00,0.00,0.00,0,774,0,,,0,0,0,,0,0
0.0,0.0,,0.0,0.0,0.0,,0.5,0.5,4.2,1.00,-1.00,,2,755,0,0,,0,0,0,,1,1
-,-,,-,-,-,,-,-,4.2,0.00,0.00,0.00,0,703,0,0,,0,0,0,,0,0
0.0,0.0,,0.0,0.0,0.0,,2.3,0.0,4.2,2.00,2.00,3.00,3,646,0,0,,0,0,0,,7,0
-,,,-,-,-,,-,-,4.2,0.00,0.00,0.00,0,558,0,,,0,0,0,,0,0
-,-,-,-,-,-,,-,-,4.2,0.00,0.00,0.00,0,547,0,0,0,0,0,0,,0,0
0.0,0.0,,0.0,0.0,0.0,,2.0,0.0,4.2,4.00,0.00,,2,376,0,0,,0,0,0,,4,0
0.0,0.0,,0.0,0.0,0.0,,0.5,0.0,4.2,1.00,0.00,,2,352,0,0,,0,0,0,,1,0
0.0,0.0,1.0,0.0,0.0,0.0,,0.0,0.0,4.2,0.00,0.00,-1.00,1,334,0,0,1,0,0,0,,0,0
0.0,0.0,2.0,0.0,0.0,0.0,,0.0,0.0,4.2,0.00,-2.00,0.00,1,101,0,0,2,0,0,0,,0,0
-,-,-,-,-,-,,-,-,4.2,0.00,0.00,0.00,0,40,0,0,0,0,0,0,,0,0
0.0,0.0,1.0,0.0,0.0,0.0,,0.0,0.0,4.1,0.00,0.00,-1.00,1,979,0,0,1,0,0,0,,0,0
0.0,0.3,,0.0,0.0,0.0,,1.7,0.0,4.1,1.00,3.00,2.00,3,969,0,1,,0,0,0,,5,0
0.0,0.3,,0.0,0.0,0.0,,1.0,0.3,4.1,2.00,2.00,-1.00,3,960,0,1,,0,0,0,,3,1
0.3,0.3,1.0,0.0,0.0,0.0,,0.0,0.7,4.1,-3.00,5.00,3.00,3,759,1,1,3,0,0,0,,0,2
0.0,0.0,1.5,0.0,0.0,0.0,,0.0,0.0,4.1,-1.00,-2.00,,2,737,0,0,3,0,0,0,,0,0
0.0,0.0,,0.0,0.0,0.0,,0.5,0.5,4.1,0.00,0.00,0.00,2,578,0,0,,0,0,0,,1,1
0.0,0.3,,0.0,0.0,0.0,,0.0,0.0,4.1,0.00,0.00,1.00,3,368,0,1,,0,0,0,,0,0
0.0,0.3,0.7,0.0,0.0,0.0,,0.0,0.3,4.1,-1.00,3.00,-1.00,3,337,0,1,2,0,0,0,,0,1
0.0,0.0,1.0,0.0,0.0,0.0,,0.0,0.0,4.1,-1.00,0.00,0.00,1,308,0,0,1,0,0,0,,0,0
0.0,0.3,1.3,0.0,0.0,0.0,,1.3,0.3,4.1,-1.00,5.00,-1.00,3,215,0,1,4,0,0,0,,4,1
0.0,0.5,,0.0,0.0,0.0,,0.5,1.0,4.1,0.00,0.00,0.00,2,169,0,1,,0,0,0,,1,2
0.0,,,0.0,0.0,0.0,,0.0,0.0,4,0.00,0.00,0.00,3,967,0,,,0,0,0,,0,0
0.0,0.0,2.5,0.0,0.0,0.0,,0.0,0.5,4,-2.00,-4.00,,2,926,0,0,5,0,0,0,,0,1
0.0,0.0,2.0,0.0,0.0,0.0,,0.7,0.0,4,-2.00,-1.00,-1.00,3,910,0,0,6,0,0,0,,2,0
0.0,0.5,,0.0,0.0,0.0,,1.5,0.0,4,0.00,0.00,4.00,2,845,0,1,,0,0,0,,3,0
0.0,0.5,0.5,0.0,0.0,0.0,,0.0,0.0,4,0.00,-1.00,4.00,2,811,0,1,1,0,0,0,,0,0
0.0,0.3,1.7,0.0,0.0,0.0,1.3,0.0,0.0,4,5.00,1.00,-3.00,3,460,0,1,5,0,0,0,4,0,0
0.0,0.3,0.7,0.0,0.0,0.0,,1.0,0.7,4,0.00,4.00,-1.00,3,442,0,1,2,0,0,0,,3,2
0.0,0.3,1.3,0.0,0.0,0.0,,0.7,0.3,4,-1.00,-2.00,4.00,3,156,0,1,4,0,0,0,,2,1
0.0,0.5,0.5,0.0,0.0,0.0,,0.5,0.0,3.9,-1.00,5.00,0.00,2,1010,0,1,1,0,0,0,,1,0
0.0,0.0,,0.0,0.0,0.0,,0.0,0.0,3.9,0.00,0.00,,2,987,0,0,,0,0,0,,0,0
0.0,,,0.0,0.0,0.0,,1.0,0.0,3.9,0.00,2.00,,2,941,0,,,0,0,0,,2,0
0.0,0.3,1.3,0.0,0.0,0.0,,0.3,0.0,3.9,-2.00,-1.00,4.00,3,879,0,1,4,0,0,0,,1,0
0.0,,,0.0,0.0,0.0,,0.0,0.0,3.9,0.00,0.00,,2,727,0,,,0,0,0,,0,0
0.0,0.3,0.7,0.0,0.0,0.0,4.3,0.0,0.0,3.9,4.00,7.00,4.00,3,405,0,1,2,0,0,0,13,0,0
1.0,0.0,,0.0,0.0,0.0,,0.0,1.0,3.9,0.00,5.00,0.00,1,191,1,0,,0,0,0,,0,1
0.0,0.3,1.7,0.0,0.0,0.0,,0.7,0.7,3.9,4.00,-2.00,-3.00,3,104,0,1,5,0,0,0,,2,2
-,-,-,-,-,-,,-,-,3.8,0.00,0.00,,0,1008,0,0,0,0,0,0,,0,0
-,-,,-,-,-,,-,-,3.8,0.00,0.00,,0,988,0,0,,0,0,0,,0,0
0.3,,,0.0,0.0,0.0,,0.0,0.0,3.8,6.00,0.00,0.00,3,975,1,,,0,0,0,,0,0
-,-,,-,-,-,,-,-,3.8,0.00,0.00,,0,972,0,0,,0,0,0,,0,0
-,-,,-,-,-,,-,-,3.8,0.00,0.00,,0,958,0,0,,0,0,0,,0,0
-,,,-,-,-,,-,-,3.8,0.00,0.00,,0,943,0,,,0,0,0,,0,0
-,,,-,-,-,,-,-,3.8,0.00,0.00,,0,942,0,,,0,0,0,,0,0
0.0,0.0,,0.0,0.0,0.0,,0.0,0.0,3.8,0.00,0.00,,2,934,0,0,,0,0,0,,0,0
-,-,-,-,-,-,,-,-,3.8,0.00,0.00,,0,932,0,0,0,0,0,0,,0,0
-,-,-,-,-,-,,-,-,3.8,0.00,0.00,,0,927,0,0,0,0,0,0,,0,0
-,-,-,-,-,-,,-,-,3.8,0.00,0.00,,0,925,0,0,0,0,0,0,,0,0
-,-,-,-,-,-,-,-,-,3.8,0.00,0.00,,0,922,0,0,0,0,0,0,0,0,0
0.0,,,0.0,0.0,0.0,,2.3,0.0,3.8,1.00,3.00,3.00,3,914,0,,,0,0,0,,7,0
-,-,-,-,-,-,,-,-,3.8,0.00,0.00,,0,901,0,0,0,0,0,0,,0,0
-,-,,-,-,-,,-,-,3.8,0.00,0.00,,0,795,0,0,,0,0,0,,0,0
-,-,-,-,-,-,,-,-,3.8,0.00,0.00,,0,767,0,0,0,0,0,0,,0,0
0.0,0.5,0.5,0.0,0.0,0.0,,0.0,0.0,3.8,-1.00,4.00,0.00,2,740,0,1,1,0,0,0,,0,0
0.0,,,0.0,0.0,0.0,,0.0,0.0,3.8,0.00,0.00,0.00,3,696,0,,,0,0,0,,0,0
0.0,0.0,1.5,0.0,0.0,0.0,,0.0,0.0,3.8,-2.00,-1.00,0.00,2,615,0,0,3,0,0,0,,0,0
-,-,,-,-,-,,-,-,3.8,0.00,0.00,,0,610,0,0,,0,0,0,,0,0
-,-,,-,-,-,,-,-,3.8,0.00,0.00,,0,472,0,0,,0,0,0,,0,0
0.0,0.3,1.3,0.0,0.0,0.0,3.0,0.0,0.0,3.8,2.00,2.00,5.00,3,179,0,1,4,0,0,0,9,0,0
-,-,,-,-,-,,-,-,3.8,0.00,0.00,,0,88,0,0,,0,0,0,,0,0
-,-,,-,-,-,,-,-,3.8,0.00,0.00,,0,16,0,0,,0,0,0,,0,0
0.0,0.5,0.5,0.0,0.0,0.0,,1.0,0.0,3.7,0.00,5.00,0.00,2,1015,0,1,1,0,0,0,,2,0
-,,,-,-,-,,-,-,3.7,0.00,0.00,0.00,0,998,0,,,0,0,0,,0,0
-,-,-,-,-,-,,-,-,3.7,0.00,0.00,0.00,0,993,0,0,0,0,0,0,,0,0
0.0,0.0,,0.0,0.0,0.0,,1.0,1.0,3.7,0.00,0.00,,1,976,0,0,,0,0,0,,1,1
-,-,,-,-,-,,-,-,3.7,0.00,0.00,0.00,0,966,0,0,,0,0,0,,0,0
-,-,-,-,-,-,,-,-,3.7,0.00,0.00,0.00,0,950,0,0,0,0,0,0,,0,0
0.0,0.0,3.0,0.0,0.0,0.0,,0.0,0.0,3.7,0.00,-3.00,,1,930,0,0,3,0,0,0,,0,0
0.0,,,0.0,0.0,0.0,,0.5,0.0,3.7,0.00,1.00,,2,765,0,,,0,0,0,,1,0
-,-,-,-,-,-,,-,-,3.7,0.00,0.00,0.00,0,745,0,0,0,0,0,0,,0,0
0.0,0.0,2.0,0.0,0.0,0.0,,0.5,0.0,3.7,-1.00,0.00,-2.00,2,741,0,0,4,0,0,0,,1,0
0.0,,,0.0,0.0,0.0,,0.0,0.0,3.7,0.00,0.00,0.00,2,675,0,,,0,0,0,,0,0
-,-,,-,-,-,,-,-,3.7,0.00,0.00,0.00,0,673,0,0,,0,0,0,,0,0
0.0,0.0,,0.0,0.0,0.0,,2.5,0.0,3.7,0.00,2.00,3.00,2,636,0,0,,0,0,0,,5,0
-,-,-,-,-,-,,-,-,3.7,0.00,0.00,0.00,0,572,0,0,0,0,0,0,,0,0
0.0,0.5,1.0,0.0,0.0,0.0,,0.5,0.0,3.7,0.00,-2.00,5.00,2,568,0,1,2,0,0,0,,1,0
-,-,-,-,-,-,,-,-,3.7,0.00,0.00,0.00,0,544,0,0,0,0,0,0,,0,0
-,-,,-,-,-,,-,-,3.7,0.00,0.00,0.00,0,522,0,0,,0,0,0,,0,0
0.0,,,0.0,0.0,0.0,,0.0,0.0,3.7,0.00,0.00,0.00,1,515,0,,,0,0,0,,0,0
-,-,,-,-,-,,-,-,3.7,0.00,0.00,0.00,0,451,0,0,,0,0,0,,0,0
-,-,-,-,-,-,-,-,-,3.7,0.00,0.00,0.00,0,438,0,0,0,0,0,0,0,0,0
0.0,0.0,,0.0,0.0,0.0,,0.0,0.0,3.7,0.00,0.00,0.00,1,403,0,0,,0,0,0,,0,0
-,-,-,-,-,-,-,-,-,3.7,0.00,0.00,0.00,0,329,0,0,0,0,0,0,0,0,0
0.0,,,0.0,0.0,0.0,,0.0,0.5,3.7,0.00,0.00,-1.00,2,323,0,,,0,0,0,,0,1
0.0,0.0,1.5,0.0,0.0,0.0,,3.0,0.5,3.7,-1.00,3.00,0.00,2,304,0,0,3,0,0,0,,6,1
-,-,-,-,-,-,,-,-,3.7,0.00,0.00,0.00,0,219,0,0,0,0,0,0,,0,0
0.0,0.3,1.3,0.0,0.0,0.0,,0.7,0.0,3.7,-1.00,5.00,-2.00,3,208,0,1,4,0,0,0,,2,0
-,-,-,-,-,-,-,-,-,3.7,0.00,0.00,0.00,0,203,0,0,0,0,0,0,0,0,0
-,-,,-,-,-,,-,-,3.7,0.00,0.00,0.00,0,195,0,0,,0,0,0,,0,0
0.0,0.3,1.3,0.0,0.0,0.0,,3.0,0.3,3.7,1.00,2.00,5.00,3,185,0,1,4,0,0,0,,9,1
0.0,0.0,,0.0,0.0,0.0,,0.5,0.0,3.7,0.00,1.00,0.00,2,173,0,0,,0,0,0,,1,0
-,-,,-,-,-,,-,-,3.7,0.00,0.00,0.00,0,163,0,0,,0,0,0,,0,0
-,-,,-,-,-,,-,-,3.7,0.00,0.00,0.00,0,137,0,0,,0,0,0,,0,0
0.3,0.0,,0.0,0.0,0.0,,1.0,0.0,3.7,1.00,6.00,2.00,3,121,1,0,,0,0,0,,3,0
-,-,-,-,-,-,-,-,-,3.7,0.00,0.00,0.00,0,97,0,0,0,0,0,0,0,0,0
0.0,0.0,2.5,0.0,0.0,0.0,,2.0,0.0,3.7,-2.00,1.00,,2,87,0,0,5,0,0,0,,4,0
0.0,0.0,,0.0,0.0,0.0,,0.0,0.0,3.7,0.00,0.00,0.00,1,24,0,0,,0,0,0,,0,0
0.0,0.3,0.7,0.0,0.0,0.0,,0.7,0.3,3.7,0.00,4.00,-1.00,3,6,0,1,2,0,0,0,,2,1
-,-,-,-,-,-,,-,-,3.6,,,0.00,0,1030,0,0,0,0,0,0,,0,0
0.0,0.0,,0.0,0.0,0.0,,0.0,0.0,3.6,0.00,0.00,0.00,1,991,0,0,,0,0,0,,0,0
0.0,0.0,2.0,0.0,0.0,1.0,,1.0,0.0,3.6,-3.00,0.00,0.00,1,965,0,0,2,0,0,1,,1,0
0.0,0.0,2.5,0.0,0.0,0.0,,1.5,0.5,3.6,-2.00,-1.00,,2,955,0,0,5,0,0,0,,3,1
0.0,0.0,2.5,0.0,0.0,0.0,3.0,0.0,0.0,3.6,0.00,1.00,,2,953,0,0,5,0,0,0,6,0,0
0.0,0.0,,0.0,0.0,0.0,,1.0,0.0,3.6,0.00,2.00,0.00,2,952,0,0,,0,0,0,,2,0
0.0,0.0,2.5,0.0,0.0,0.0,,0.5,0.0,3.6,-1.00,-3.00,,2,924,0,0,5,0,0,0,,1,0
0.0,0.3,1.0,0.0,0.0,0.0,,0.7,0.0,3.6,-1.00,-1.00,5.00,3,859,0,1,3,0,0,0,,2,0
0.0,0.0,1.5,0.0,0.0,0.0,0.0,0.0,0.0,3.6,-1.00,-2.00,,2,775,0,0,3,0,0,0,0,0,0
0.0,0.0,2.0,0.0,0.0,0.0,,0.0,1.0,3.6,-3.00,0.00,0.00,1,760,0,0,2,0,0,0,,0,1
0.0,0.3,1.0,0.0,0.0,0.0,,0.3,0.0,3.6,-2.00,-1.00,5.00,3,595,0,1,3,0,0,0,,1,0
0.0,0.0,2.0,0.0,0.0,0.0,,0.5,0.0,3.6,0.00,-1.00,-2.00,2,482,0,0,4,0,0,0,,1,0
0.0,0.0,2.5,0.0,0.0,0.0,,1.0,0.0,3.6,-1.00,-2.00,,2,70,0,0,5,0,0,0,,2,0
0.0,0.0,2.0,0.0,0.0,0.0,,0.0,0.0,3.6,-2.00,-2.00,,2,17,0,0,4,0,0,0,,0,0
0.0,0.0,2.5,0.0,0.0,0.0,,0.0,0.0,3.5,-2.00,-3.00,,2,954,0,0,5,0,0,0,,0,0
0.0,0.0,2.5,0.0,0.0,0.0,,1.0,0.5,3.5,-2.00,0.00,-2.00,2,909,0,0,5,0,0,0,,2,1
0.0,0.0,2.0,0.0,0.0,0.0,2.7,0.0,0.0,3.5,-2.00,1.00,3.00,3,906,0,0,6,0,0,0,8,0,0
0.0,0.0,2.5,0.0,0.0,0.0,,0.0,1.0,3.4,-3.00,-4.00,,2,983,0,0,5,0,0,0,,0,2
0.0,0.3,,0.0,0.0,0.0,,0.7,0.3,3.4,0.00,1.00,1.00,3,981,0,1,,0,0,0,,2,1
0.0,0.3,1.3,0.0,0.0,0.0,4.7,0.0,0.0,3.4,3.00,8.00,3.00,3,891,0,1,4,0,0,0,14,0,0
0.0,0.5,1.0,0.0,0.0,0.0,,2.0,0.0,3.4,0.00,2.00,4.00,2,799,0,1,2,0,0,0,,4,0
0.0,0.3,1.0,0.0,0.0,0.0,4.0,0.0,0.0,3.4,1.00,3.00,9.00,3,541,0,1,3,0,0,0,12,0,0
0.0,0.0,2.0,0.0,0.0,0.0,,1.3,0.0,3.4,2.00,-1.00,-3.00,3,402,0,0,6,0,0,0,,4,0
-,-,-,-,-,-,-,-,-,3.3,0.00,0.00,,0,945,0,0,0,0,0,0,0,0,0
-,-,-,-,-,-,-,-,-,3.3,0.00,0.00,,0,923,0,0,0,0,0,0,0,0,0
-,-,-,-,-,-,-,-,-,3.3,0.00,0.00,,0,634,0,0,0,0,0,0,0,0,0
-,-,-,-,-,-,-,-,-,3.3,0.00,0.00,,0,127,0,0,0,0,0,0,0,0,0
-,-,-,-,-,-,-,-,-,3.2,0.00,0.00,0.00,0,990,0,0,0,0,0,0,0,0,0
-,-,-,-,-,-,-,-,-,3.2,0.00,0.00,0.00,0,770,0,0,0,0,0,0,0,0,0
-,-,-,-,-,-,-,-,-,3.2,0.00,0.00,0.00,0,758,0,0,0,0,0,0,0,0,0
-,-,-,-,-,-,-,-,-,3.2,0.00,0.00,0.00,0,542,0,0,0,0,0,0,0,0,0
-,-,-,-,-,-,-,-,-,3.2,0.00,0.00,0.00,0,535,0,0,0,0,0,0,0,0,0
-,-,-,-,-,-,-,-,-,3.2,0.00,0.00,0.00,0,238,0,0,0,0,0,0,0,0,0
-,-,-,-,-,-,-,-,-,3.2,0.00,0.00,0.00,0,235,0,0,0,0,0,0,0,0,0
-,-,-,-,-,-,-,-,-,3.2,0.00,0.00,0.00,0,30,0,0,0,0,0,0,0,0,0
0.0,0.0,2.5,0.0,0.0,0.0,3.0,0.0,0.0,3.1,1.00,0.00,,2,28,0,0,5,0,0,0,6,0,0
